releve,indice,date_seance,cloture,variation_pct
2026-09-14,CAC 40,2026-09-11,8179.77,0.776
2026-09-15,S&P 500,2026-09-14,7619.98,-0.483
2026-09-15,Nasdaq 100,2026-09-14,29127.16,-0.822
2026-09-15,CAC 40,2026-09-14,8117.78,-0.758
2026-09-15,MSCI World (ETF URTH),2026-09-14,206.8,-0.429
2026-09-16,S&P 500,2026-09-15,7585.73,-0.449
2026-09-16,Nasdaq 100,2026-09-15,28937.84,-0.65
2026-09-16,CAC 40,2026-09-15,8090.28,-0.339
2026-09-16,MSCI World (ETF URTH),2026-09-15,205.63,-0.566
2026-09-17,S&P 500,2026-09-16,7551.81,-0.447
2026-09-17,Nasdaq 100,2026-09-16,28945.06,0.025
2026-09-17,CAC 40,2026-09-16,8140.59,0.622
2026-09-17,MSCI World (ETF URTH),2026-09-16,204.71,-0.447
2026-09-18,S&P 500,2026-09-17,7637.76,1.138
2026-09-18,Nasdaq 100,2026-09-17,29446.98,1.734
2026-09-18,CAC 40,2026-09-17,8186.93,0.569
2026-09-18,MSCI World (ETF URTH),2026-09-17,207.21,1.221
2026-09-21,S&P 500,2026-09-18,7650.5,0.167
2026-09-21,Nasdaq 100,2026-09-18,29644.17,0.67
2026-09-21,CAC 40,2026-09-18,8065.02,-1.489
2026-09-21,MSCI World (ETF URTH),2026-09-18,206.77,-0.212
2026-09-23,S&P 500,2026-09-21,7764.7,1.493
2026-09-23,Nasdaq 100,2026-09-21,30482.35,2.827
2026-09-23,CAC 40,2026-09-21,8138.94,0.917
2026-09-23,MSCI World (ETF URTH),2026-09-21,209.7,1.417
2026-09-24,S&P 500,2026-09-23,7706.03,-0.756
2026-09-24,Nasdaq 100,2026-09-23,30470.29,-0.04
2026-09-24,CAC 40,2026-09-23,8123.41,-0.191
2026-09-24,MSCI World (ETF URTH),2026-09-23,207.84,-0.887
2026-09-25,S&P 500,2026-09-24,7704.13,-0.025
2026-09-25,Nasdaq 100,2026-09-24,30478.86,0.028
2026-09-25,CAC 40,2026-09-24,8081.43,-0.517
2026-09-25,MSCI World (ETF URTH),2026-09-24,207.65,-0.091
2026-09-28,S&P 500,2026-09-25,7743.41,0.51
2026-09-28,Nasdaq 100,2026-09-25,30608.13,0.424
2026-09-28,CAC 40,2026-09-25,8077.8,-0.045
2026-09-28,MSCI World (ETF URTH),2026-09-25,208.73,0.52
2026-09-29,S&P 500,2026-09-28,7683.69,-0.771
2026-09-29,Nasdaq 100,2026-09-28,30276.81,-1.082
2026-09-29,CAC 40,2026-09-28,8078.48,0.008
2026-09-29,MSCI World (ETF URTH),2026-09-28,207.18,-0.743
2026-09-30,S&P 500,2026-09-29,7670.84,-0.167
2026-09-30,Nasdaq 100,2026-09-29,30339.33,0.206
2026-09-30,CAC 40,2026-09-29,8035.87,-0.527
2026-09-30,MSCI World (ETF URTH),2026-09-29,206.71,-0.227
2026-10-01,S&P 500,2026-09-30,7651.54,-0.252
2026-10-01,Nasdaq 100,2026-09-30,30408.5,0.228
2026-10-01,CAC 40,2026-09-30,7964.51,-0.888
2026-10-01,MSCI World (ETF URTH),2026-09-30,206.23,-0.232
2026-10-02,S&P 500,2026-10-01,7666.45,0.195
2026-10-02,Nasdaq 100,2026-10-01,30501.56,0.306
2026-10-02,CAC 40,2026-10-01,7835.31,-1.622
2026-10-02,MSCI World (ETF URTH),2026-10-01,205.84,-0.189
2026-10-05,S&P 500,2026-10-02,7722.72,0.734
2026-10-05,Nasdaq 100,2026-10-02,30807.93,1.004
2026-10-05,CAC 40,2026-10-02,7897.19,0.79
2026-10-05,MSCI World (ETF URTH),2026-10-02,207.53,0.821
2026-10-06,S&P 500,2026-10-05,7773.95,0.663
2026-10-06,Nasdaq 100,2026-10-05,31076.44,0.872
2026-10-06,CAC 40,2026-10-05,7834.1,-0.799
2026-10-06,MSCI World (ETF URTH),2026-10-05,208.55,0.491
2026-10-07,S&P 500,2026-10-06,7818.93,0.579
2026-10-07,Nasdaq 100,2026-10-06,31224.47,0.476
2026-10-07,CAC 40,2026-10-06,7865.07,0.395
2026-10-07,MSCI World (ETF URTH),2026-10-06,209.73,0.566
